data,a estimate,b estimate,method
data_2,1.3509041322140742,0.3339130690017864,WLS
data_2,1.2839478434108635,-0.3960940586512414,Huber
data_3,-0.7366220800298948,1.9343548258634153,WLS
data_3,-0.6025125156681864,2.237651376709244,Huber
data_1,0.8853622486447783,-0.26808915546027234,WLS
data_1,1.052859696873344,-0.2780098799594092,Huber
data_4,0.8396253701397249,0.763561335280752,WLS
data_4,1.0565873900855414,0.42813461279374104,Huber
